CustomerCode,CustomerName,Association,StoreBrand,StreetAddress,Suburb,City,PostCode,GPSPoint,LAT,LON
144610,Diamond Harbour 4 Square,Foodstuffs South Island,4SQ,143 MARINE DRIVE,DIAMOND HARBOUR,CHRISTCHURCH,8971,POINT (172.7242671 -43.6289927),-43.6289927,172.7242671
112188,Star On The Spot,Route,,192A North Street,West End,TIMARU,8601,POINT (171.2302781 -44.4007182),-44.4007182,171.2302781
142977,Henry's Timaru,Foodstuffs South Island,LH,CORNER WAI-ITI ROAD & SEALY STREETS,HIGHFIELD,TIMARU,8601,POINT (171.2224046 -44.3903677),-44.3903677,171.2224046
142996,Woolston LH,Foodstuffs South Island,LH,8 Portman Street,Woolston,CHRISTCHURCH,8241,POINT (172.6825641 -43.5485547),-43.5485547,172.6825641
143944,D n D Dairy,NSBI,,45 Bowhill Road,NEW BRIGHTON,CHRISTCHURCH,8083,POINT (172.7244944 -43.4957715),-43.4957715,172.7244944
129739,Effingham Dairy,NSBI,,81 Effingham Street,NORTH NEW BRIGHTON,CHRISTCHURCH,8083,POINT (172.7183019 -43.4907987),-43.4907987,172.7183019
141657,Parnwell Superette,Route,,75 Bassett Street,BURWOOD,CHRISTCHURCH,8083,POINT (172.6887806 -43.4957889),-43.4957889,172.6887806
144704,Keyes Dairy,Route,,152 KEYES ROAD,NEW BRIGHTON,CHRISTCHURCH,8083,POINT (172.7162728 -43.4976964),-43.4976964,172.7162728
129672,Bower Ave Dairy,Route,,Shop 2 10 BOWER AVENEUE,NEW BRIGHTON,CHRISTCHURCH,8083,POINT (172.7098543 -43.5034771),-43.5034771,172.7098543
112515,Green Haven Dairy,Route,,253 Burwood Road,Burwood,CHRISTCHURCH,8083,POINT (172.680794 -43.4836395),-43.4836395,172.680794
143381,Prestons New World,Foodstuffs South Island,NW,420 Marshland Road,Prestons,CHRISTCHURCH,8083,POINT (172.65988 -43.47512),-43.47512,172.65988
142941,Parklands LH,Foodstuffs South Island,LH,6 Inwoods Road,Parklands,CHRISTCHURCH,8083,POINT (172.6981042 -43.4812437),-43.4812437,172.6981042
129396,Leslies Bookshop,Route,,29B LONDON STREET,SPRINGFIELD,CHRISTCHURCH,8082,POINT (172.7212317 -43.6027251),-43.6027251,172.7212317
142954,Redcliffs 4 Square,Foodstuffs South Island,4SQ,188 Main Road,Redcliffs,CHRISTCHURCH,8081,POINT (172.7389984 -43.5624982),-43.5624982,172.7389984
144013,The One Dairy,Route,,5 Buckleys Road,LINWOOD,CHRISTCHURCH,8062,POINT (172.6732619 -43.5331717),-43.5331717,172.6732619
129547,Thirsty Liquor Linwood,Route,,21b Aldwins Road,PHILLIPSTOWN,CHRISTCHURCH,8062,POINT (172.6659027 -43.5421559),-43.5421559,172.6659027
128974,McGregors Road Superette,NSBI,,26 Mcgregors Road,BROMLEY,CHRISTCHURCH,8062,POINT (172.6822531 -43.5364473),-43.5364473,172.6822531
128569,Hels Foodbar,Route,,142 MACES ROAD,BROMLEY,CHRISTCHURCH,8062,POINT (172.6938083 -43.5369732),-43.5369732,172.6938083
129872,Koki Dairy,Route,,397 LINWOOD AVENUE,BROMLEY,CHRISTCHURCH,8062,POINT (172.681874 -43.5386335),-43.5386335,172.681874
129954,Worcester Discounter,Route,,403 WORCESTER STREET,LINWOOD,CHRISTCHURCH,8062,POINT (172.6575659 -43.530783),-43.530783,172.6575659
128937,Spice Heaven,Route,,SHOP 4 103 STANMORE ROAD,LINWOOD,CHRISTCHURCH,8062,POINT (172.6568481 -43.5300023),-43.5300023,172.6568481
143601,One Stop Convenience Store,Route,,291a Breezes Road,ARANUI,CHRISTCHURCH,8061,POINT (172.7015963 -43.5169341),-43.5169341,172.7015963
129121,Hampshire Dairy and Fruit Supply,Route,,61 Hampshire Street,ARANUI,CHRISTCHURCH,8061,POINT (172.7011698 -43.510847),-43.510847,172.7011698
145340,Super Discount Dairy,Route,,15 Beresford Street,,CHRISTCHURCH,8061,POINT (172.7302466 -43.5080683),-43.5080683,172.7302466
129060,Pannell Discounter,Route,,22 Wainoni Road,WAINONI,CHRISTCHURCH,8061,POINT (172.6831074 -43.5203626),-43.5203626,172.6831074
129097,Kerrs Road dairy,Route,,102 Kerrs Road,AVONSIDE,CHRISTCHURCH,8061,POINT (172.6816007 -43.5224302),-43.5224302,172.6816007
141885,City Express Discounter,Route,,724 Gloucester Street,AVONSIDE,CHRISTCHURCH,8061,POINT (172.6729879 -43.5248355),-43.5248355,172.6729879
115362,New Brighton Lotto,Route,,99 Seaview Road,NEW BRIGHTON,CHRISTCHURCH,8061,POINT (172.7270232 -43.5079616),-43.5079616,172.7270232
144432,Shirley Discounter,Route,,118 MARSHLAND ROAD,SHIRLEY,CHRISTCHURCH,8061,POINT (172.6624585 -43.4989992),-43.4989992,172.6624585
110875,Bridge Street Dairy,Route,,86 Estuary Road,New Brighton,CHRISTCHURCH,8061,POINT (172.7322812 -43.523129),-43.523129,172.7322812
129533,Hampshire Mini Market,North South Buyers,,51 HAMPSHIRE STREET,ARANUI,CHRISTCHURCH,8061,POINT (172.7009831 -43.511122),-43.511122,172.7009831
118000,Laxmi Foodstore,Route,,3/317 Pages Road,Linwood,CHRISTCHURCH,8061,POINT (172.7006246 -43.5177609),-43.5177609,172.7006246
143090,Wainoni PAKnSAVE,Foodstuffs South Island,PNS,174 Wainoni Road,Avondale,CHRISTCHURCH,8061,POINT (172.6927622 -43.5121792),-43.5121792,172.6927622
142651,Haast Food Acc. Centre,Foodstuffs South Island,PNS,174 Wainoni Road,AVONDALE,CHRISTCHURCH,8061,POINT (172.6927622 -43.5121792),-43.5121792,172.6927622
145176,Citi Convenience Store,Route,,475 Papanui Road,,CHRISTCHURCH,8053,POINT (172.6092184 -43.4987054),-43.4987054,172.6092184
143542,Featherstone Dairy,Route,,162 Harris Crescent,PAPANUI,CHRISTCHURCH,8053,POINT (172.5961397 -43.4915511),-43.4915511,172.5961397
144930,Alex Store Ilam,Route,,43B ILAM ROAD,BRYNDWR,CHRISTCHURCH,8053,POINT (172.5797605 -43.5282818),-43.5282818,172.5797605
141877,Bishopdale Books and Post,Route,,31 Bishopdale Court,BISHOPDALE,CHRISTCHURCH,8053,POINT (172.5872381 -43.4889569),-43.4889569,172.5872381
118063,Bishopdale Discounter,Route,,2a Leacroft Street,BISHOPDALE,CHRISTCHURCH,8053,POINT (172.5806298 -43.4902589),-43.4902589,172.5806298
121375,Aorangi Dairy,Route,,169f Wairakei Road,Bryndwr,CHRISTCHURCH,8053,POINT (172.5943107 -43.5038298 0),-43.4902589,172.5943107
129959,Farrington Dairy,Route,,133 FARRINGTON AVENUE,BISHOPDALE,CHRISTCHURCH,8053,POINT (172.5875226 -43.4898431),-43.4902589,172.5875226
142048,Kims Corner Dairy,Route,,257a Greers Road,BRYNDWR,CHRISTCHURCH,8053,POINT (172.5857175 -43.4999367),-43.4902589,172.5857175
129868,Wairakei Discount Dairy,Route,,264 Wairakei Road,BRYNDWR,CHRISTCHURCH,8053,POINT (172.5869158 -43.499776),-43.4902589,172.5869158
145241,Wairakei Convenience Store,NSBI,,88 Aorangi Road,BRYNDWR,CHRISTCHURCH,8053,POINT (172.5939102 -43.5033002),-43.4902589,172.5939102
129142,Kosco Papanui,Route,,21 LANGDONS ROAD,PAPANUI,CHRISTCHURCH,8053,POINT (172.6079345 -43.4942756),-43.4902589,172.6079345
144447,Wairakei Road LH,Foodstuffs South Island,LH,289 WAIRAKEI ROAD,BRYNDWR,CHRISTCHURCH,8053,POINT (172.5854404 -43.499473),-43.4902589,172.5854404
110532,Roll On In Dairy,Route,,251 Sawyers Arms Road,Bishopdale,CHRISTCHURCH,8053,POINT (172.5933377 -43.481812),-43.4902589,172.5933377
129217,Dollar Store - Party & Living,NSBI,,27 BISHOPDALE COURT,BISHOPDALE,CHRISTCHURCH,8053,POINT (172.5871257 -43.4891058),-43.4902589,172.5871257
142888,Fendalton New World,Foodstuffs South Island,NW,19-23 Memorial Avenue,FENDALTON,CHRISTCHURCH,8053,POINT (172.5878535 -43.5182068),-43.4902589,172.5878535
142639,Bishopdale LH,Foodstuffs South Island,HNR,"Shop 73, Bishopdale Village Mall 333 Harewood Road",Bishopdale,CHRISTCHURCH,8053,POINT (172.586403 -43.4878942),-43.4902589,172.586403
142640,Bishopdale New World,Foodstuffs South Island,NW,Bishopdale Mall Cnr Farrington Avenue and Harewood Road,Bishopdale,CHRISTCHURCH,8053,POINT (172.5877636 -43.4895014),-43.4902589,172.5877636
129031,Airport Food Centre & Dairy,NSBI,,UNT1B/567 WAIRAKEI ROAD,BURNSIDE,CHRISTCHURCH,8053,POINT (172.5622423 -43.4886206),-43.4902589,172.5622423
141668,Briggston Dairy,Route,,75 Briggs Road,SHIRLEY,CHRISTCHURCH,8052,POINT (172.6547759 -43.4958021),-43.4902589,172.6547759
110990,Nancy Ave Dairy,Route,,55 Nancy Avenue,ST ALBANS,CHRISTCHURCH,8052,POINT (172.6364669 -43.4979489),-43.4902589,172.6364669
128813,Langdons Road Foodmarket,NSBI,,166 LANGDONS ROAD,NORTHCOTE,CHRISTCHURCH,8052,POINT (172.5993359 -43.4896738),-43.4902589,172.5993359
144632,Fiveways Dairy,Route,,418 INNES ROAD,MAIREHAU,CHRISTCHURCH,8052,POINT (172.6414971 -43.4985168),-43.4902589,172.6414971
129646,Morrison Ave Dairy,Route,,1D MORRISON AVENUE,NORTHCOTE,CHRISTCHURCH,8052,POINT (172.5991231 -43.4893823),-43.4902589,172.5991231
113751,Elmwood Minimarket Ltd,Route,,10 Normans Road,STROWAN,CHRISTCHURCH,8052,POINT (172.607488 -43.5101 0),-43.4902589,172.607488
142642,Northlands PAKnSAVE,Foodstuffs South Island,PNS,Northlands Shopping Centre 55 Main North Road,Papanui,CHRISTCHURCH,8052,POINT (172.6094987 -43.4941827),-43.4902589,172.6094987
128971,Styx Family Dairy,NSBI,,"356d Main North Road, Redwood",REDWOOD,CHRISTCHURCH,8051,POINT (172.617486 -43.4727168),-43.4902589,172.617486
128476,Belfast Dairy,Route,,"BELFAST SHOPPING CENTRE UNIT4, 812 MAIN NORTH ROAD",BELFAST,CHRISTCHURCH,8051,POINT (172.6329449 -43.4447899),-43.4902589,172.6329449
142641,Harewood RF,Foodstuffs South Island,RWF,800 Harewood Road,HAREWOOD,CHRISTCHURCH,8051,POINT (172.554868 -43.4782597),-43.4902589,172.554868
142490,Northwood New World,Foodstuffs South Island,NW,2 Mounter Avenue,Northwood,CHRISTCHURCH,8051,POINT (172.6224657 -43.4596218),-43.4902589,172.6224657
145211,Raki's Mini Mart,Route,,97 Epsom Road,Sockburn,CHRISTCHURCH,8042,POINT (172.5490286 -43.5331843),-43.4902589,172.5490286
143324,Wigram Dairy,Route,,"Unit 2a, 1 Stark Drive",WIGRAM,CHRISTCHURCH,8042,POINT (172.5607954 -43.5476074),-43.4902589,172.5607954
143395,Wigram Mini Mart,NSBI,,62 Springs Road,HORNBY,CHRISTCHURCH,8042,POINT (172.5405023 -43.5481308),-43.4902589,172.5405023
128965,Curletts Road Dairy,NSBI,,13 Curletts Road,SOCKBURN,CHRISTCHURCH,8042,POINT (172.5678355 -43.5340636),-43.4902589,172.5678355
144609,Templeton Convenience Store,Route,,733C MAIN SOUTH ROAD,TEMPLETON,CHRISTCHURCH,8042,POINT (172.4871356 -43.5503955),-43.4902589,172.4871356
144414,On The Go Dairy,Route,,144B MAIN SOUTH ROAD,SOCKBURN,CHRISTCHURCH,8042,POINT (172.5549525 -43.5382965),-43.4902589,172.5549525
128500,Hei Hei Dairy,Route,,22 WYCOLA AVENUE,HEI HEI,CHRISTCHURCH,8042,POINT (172.5213165 -43.5355017 0),-43.4902589,172.5213165
112321,Piccadilly Bookshop Limited,Route,,"SHOP 1,  AVONHEAD MALL 210 Withells Road",AVONHEAD,CHRISTCHURCH,8042,POINT (172.5572285 -43.5113021),-43.4902589,172.5572285
129937,The Mad Dairy,Route,,389 MAIN SOUTH ROAD,HORNBY,CHRISTCHURCH,8042,POINT (172.5263585 -43.5435929),-43.4902589,172.5263585
124670,Sonter Cafe,Route,,14/45 SONTER ROAD,WIGRAM,CHRISTCHURCH,8042,POINT (172.5685884 -43.5485064 0),-43.4902589,172.5685884
143396,Staveley Market,NSBI,,104 STAVELEY STREET,AVONHEAD,CHRISTCHURCH,8042,POINT (172.5525713 -43.5188876),-43.4902589,172.5525713
123340,Coach Corner Bottle Store,Route,,163C YALDHURST ROAD,SOCKBURN,CHRISTCHURCH,8042,POINT (172.5534279 -43.526607 0),-43.4902589,172.5534279
129960,Gopals Dairy,Route,,299A MAIN SOUTH ROAD,HORNBY,CHRISTCHURCH,8042,POINT (172.5390913 -43.5433447),-43.4902589,172.5390913
142903,Hornby LH,Foodstuffs South Island,LH,21 Shands Street,Hornby,CHRISTCHURCH,8042,POINT (172.5247811 -43.5454546),-43.4902589,172.5247811
142904,Hornby PAKnSAVE,Foodstuffs South Island,PNS,418 Main South Road,Hornby,CHRISTCHURCH,8042,POINT (172.5227684 -43.5428286),-43.4902589,172.5227684
142993,Wigram New World,Foodstuffs South Island,NW,51 Skyhawk Road,Wigram,CHRISTCHURCH,8042,POINT (172.5576317 -43.5527432),-43.4902589,172.5576317
142998,Yaldhurst LH,Foodstuffs South Island,LH,148/150 Yaldhurst Road,Sockburn,CHRISTCHURCH,8042,POINT (172.5585264 -43.5275429),-43.4902589,172.5585264
145310,Matipo Street Food Market,NSBI,,48 Matipo Street,,CHRISTCHURCH,8041,POINT (172.5965389 -43.5353464),-43.4902589,172.5965389
115593,Daily Yee,NSBI,,2 Rountree Street,UPPER RICCARTON,CHRISTCHURCH,8041,POINT (172.579326 -43.5265406 0),-43.4902589,172.579326
128571,Naresh Dairy,Route,,1 Puriri Street,RICCARTON,CHRISTCHURCH,8041,POINT (172.5914324 -43.5302414),-43.4902589,172.5914324
142508,Ilam Centre Dairy,Route,,205a Waimairi Road,ILAM,CHRISTCHURCH,8041,POINT (172.5717842 -43.5164522),-43.4902589,172.5717842
143265,Paresh Dairy,Route,,249 Riccarton Road,UPPER RICCARTON,CHRISTCHURCH,8041,POINT (172.585932 -43.5309995),-43.4902589,172.585932
144163,Kool Zone - Canterbury,Route,,Under Central library University of Canterbury University Drive,Ilam,CHRISTCHURCH,8041,POINT (170.5103884 -45.8671391),-43.4902589,170.5103884
145091,Riccarton Convenience Store,NSBI,,181d Riccarton Road,,CHRISTCHURCH,8041,POINT (172.593323 -43.5304097),-43.4902589,172.593323
128521,IIam Kosco,Route,,209A WAIMAIRI ROAD,ILAM,CHRISTCHURCH,8041,POINT (172.5719185 -43.5160937),-43.4902589,172.5719185
114948,China Town Market,Route,,384 Riccarton Road,Upper Riccarton,CHRISTCHURCH,8041,POINT (172.5728955 -43.5317702 0),-43.4902589,172.5728955
143412,Kool Zone - Riccarton,Route,,SH251/129 RICCARTON ROAD,RICCARTON,CHRISTCHURCH,8041,POINT (172.5988325 -43.530833),-43.4902589,172.5988325
118766,Sun Mart,NSBI,,Shop 1 SHP 8/227 BLENHEIM ROAD,RICCARTON,CHRISTCHURCH,8041,POINT (172.588434 -43.538407 0),-43.4902589,172.588434
124920,A Rin Sushi,Route,,102A RICCARTON ROAD,RICCARTON,CHRISTCHURCH,8041,POINT (172.6006996 -43.529506 0),-43.4902589,172.6006996
129444,Basics Asian Supermarket,Route,,WEST LINK MALL 8-10 BRAKE STREET,UPPER RICCARTON,CHRISTCHURCH,8041,POINT (172.5713984 -43.5307927),-43.4902589,172.5713984
144372,Symrose's Super Fresh Ilam,Route,,1/136 ILAM ROAD,UPPER RICCARTON,CHRISTCHURCH,8041,POINT (172.5791459 -43.5194709),-43.4902589,172.5791459
112469,Sweet Station Riccarton,Route,,KSK19 WESTFIELD SHOPPING CENTRE 129 Riccarton Road,RICCARTON,CHRISTCHURCH,8041,POINT (172.5980704 -43.5300246),-43.4902589,172.5980704
128497,ZY Joy Limited,NSBI,,SHP 4/376 RICCARTON ROAD,UPPER RICCARTON,CHRISTCHURCH,8041,POINT (172.5733915 -43.531693 0),-43.4902589,172.5733915
143538,Discount T - Riccarton,Route,,105 RICCARTON ROAD,RICCARTON,CHRISTCHURCH,8041,POINT (172.6009637 -43.5298144),-43.4902589,172.6009637
124750,Kosco - Riccarton,Route,,92A RICCARTON ROAD,RICCARTON,CHRISTCHURCH,8041,POINT (172.6014375 -43.5294483),-43.4902589,172.6014375
142905,Ilam New World,Foodstuffs South Island,NW,47C/57C PEER STREET,UPPER RICCARTON,CHRISTCHURCH,8041,POINT (172.5698921 -43.5258543),-43.4902589,172.5698921
142956,Riccarton PAKnSAVE,Foodstuffs South Island,PNS,129 Riccarton Road,Riccarton,CHRISTCHURCH,8041,POINT (172.5981553 -43.5306647),-43.4902589,172.5981553
125622,V-Mart,Route,,15A LESLIE STREET,UPPER RICCARTON,CHRISTCHURCH,8041,POINT (172.5725173 -43.531068 0),-43.4902589,172.5725173
124749,Kosco - Blenheim Road,Route,,227 BLENHEIM ROAD,RICCARTON,CHRISTCHURCH,8041,POINT (172.588434 -43.538407 0),-43.4902589,172.588434
145362,Nottingham Convenience Store,Route,,55 Nottingham Avenue,,CHRISTCHURCH,8025,POINT (172.5603354 -43.575321),-43.4902589,172.5603354
145218,Halswell Convenience Store,Route,,1 Lillian Street,,CHRISTCHURCH,8025,POINT (172.5677397 -43.5769776),-43.4902589,172.5677397
144110,Cracroft Seafoods Limited,NSBI,,148 Cashmere Road,HOON HAY,CHRISTCHURCH,8025,POINT (172.6154713 -43.5736919),-43.4902589,172.6154713
128809,Hillmorton Superette,NSBI,,23 Halswell Road,HILLMORTON,CHRISTCHURCH,8025,POINT (172.5936789 -43.5547676),-43.4902589,172.5936789
125594,Hillmorton Dairy,Route,,7 Coppell Place,HOON HAY,CHRISTCHURCH,8025,POINT (172.5943065 -43.5544371 0),-43.4902589,172.5943065
144162,Hoon Hay Special Dairy,Route,,2b Lewis Street,HOON HAY,CHRISTCHURCH,8025,POINT (172.6028309 -43.5596887),-43.4902589,172.6028309
128967,Cracroft Dairy,NSBI,,154 Cashmere Road,HOON HAY,CHRISTCHURCH,8025,POINT (172.6153904 -43.5739245),-43.4902589,172.6153904
144893,Halswell Dairy,Route,,456 Halswell Road,,CHRISTCHURCH,8025,POINT (172.5702512 -43.5862572),-43.4902589,172.5702512
145138,Hoon Hay Convenience Store,NSBI,,16 Mccarthy Street,,CHRISTCHURCH,8025,POINT (172.5891756 -43.5636677),-43.4902589,172.5891756
144520,35 LINCOLN ROAD,Route,,35 LINCOLN ROAD,HILLMORTON,CHRISTCHURCH,8025,POINT (172.5977808 -43.5516465),-43.4902589,172.5977808
144001,Longhurst On The Spot,OTS - On The Spot,OTS,1 HAMILL ROAD,HALSWELL,CHRISTCHURCH,8025,POINT (172.5470743 -43.5780071),-43.4902589,172.5470743
143089,Halswell New World,Foodstuffs South Island,NW,346-360 Halswell Road,,CHRISTCHURCH,8025,POINT (172.5669718 -43.5802121),-43.4902589,172.5669718
142916,Longhurst OTS,Foodstuffs South Island,OTS,1 Hamill Road,Halswell,CHRISTCHURCH,8025,POINT (172.547011 -43.5781172),-43.4902589,172.547011
129867,Selwyn Superette 2016,Route,,288a Selwyn Street,SPREYDON,CHRISTCHURCH,8024,POINT (172.6219936 -43.5491567),-43.4902589,172.6219936
142595,Barrington Discount Dairy,NSBI,,240 Barrington Street,SPREYDON,CHRISTCHURCH,8024,POINT (172.6199389 -43.5579282),-43.4902589,172.6199389
128454,Addington Convenience Store,NSBI,,290 LINCOLN ROAD,ADDINGTON,CHRISTCHURCH,8024,POINT (172.6111618 -43.5441699 0),-43.4902589,172.6111618
128647,Somerfield Dairy,NSBI,,2 SOMERFIELD STREET,SOMERFIELD,CHRISTCHURCH,8024,POINT (172.6262827 -43.5635475),-43.4902589,172.6262827
141644,Milton Street Dairy,Route,,110 MILTON STREET,SOMERFIELD,CHRISTCHURCH,8024,POINT (172.6274733 -43.5541946),-43.4902589,172.6274733
128395,Fairfield Dairy,NSBI,,87 ANTIGUA STREET,ADDINGTON,CHRISTCHURCH,8024,POINT (172.6277414 -43.5439645 0),-43.4902589,172.6277414
120308,Pramukh Convenience Store,Route,,320 LINCOLN ROAD,ADDINGTON,CHRISTCHURCH,8024,POINT (172.6127441 -43.5433582 0),-43.4902589,172.6127441
142981,Tower Junction LH,Foodstuffs South Island,LH,"Unit 4, 55 Clarence Street",,CHRISTCHURCH,8024,POINT (172.6106277 -43.5434501),-43.4902589,172.6106277
129550,J Mart,Route,,134 Opawa Road,OPAWA,CHRISTCHURCH,8023,POINT (172.6654323 -43.5538256),-43.4902589,172.6654323
110873,Brown Derby Dairy,Route,,233 Colombo Street,Sydenham,CHRISTCHURCH,8023,POINT (172.6366292 -43.5527623 0),-43.4902589,172.6366292
120128,Radley Convenience Store,Route,,103 Radley Street,WOOLSTON,CHRISTCHURCH,8023,POINT (172.673862 -43.5538696 0),-43.4902589,172.673862
113953,Triton Dairy,Route,,390 Colombo Street,SYDENHAM,CHRISTCHURCH,8023,POINT (172.6368388 -43.545254),-43.4902589,172.6368388
145234,Legendairy Opawa Discounter,Route,,15 Opawa Road,,CHRISTCHURCH,8023,POINT (172.6548502 -43.5477209),-43.4902589,172.6548502
110052,Aum Foodmarket,Route,,63 Hopkins Street,Woolston,CHRISTCHURCH,8023,POINT (172.6685296 -43.5484664 0),-43.4902589,172.6685296
117931,Krishna Dairy,Route,,555 Ferry Road,WOOLSTON,CHRISTCHURCH,8023,POINT (172.6753529 -43.5458173 0),-43.4902589,172.6753529
145102,Mekeni Mini Mart,Route,,713 Ferry Road,,CHRISTCHURCH,8023,POINT (172.6842677 -43.5497429),-43.4902589,172.6842677
114911,Ferry Road Discount,Route,,701 Ferry Road,Woolston,CHRISTCHURCH,8023,POINT (172.6837163 -43.5493693 0),-43.4902589,172.6837163
121474,Opawa Universal Dairy,Route,,147 Opawa Road,Opawa,CHRISTCHURCH,8023,POINT (172.6656692 -43.5535236 0),-43.4902589,172.6656692
144683,P & P Dairy,Route,,171 Huxley Street,SYDENHAM,CHRISTCHURCH,8023,POINT (172.6460673 -43.5543213),-43.4902589,172.6460673
143081,$$$ Save,NSBI,,8 PORTMAN STREET,WOOLSTON,CHRISTCHURCH,8023,POINT (172.6825641 -43.5485547),-43.4902589,172.6825641
141641,Challenge Opawa,Route,,11 OPAWA ROAD,WALTHAM,CHRISTCHURCH,8023,POINT (172.6543574 -43.5472236),-43.4902589,172.6543574
143260,Opawa  Liquor Centre,Route,,15 OPAWA ROAD,WALTHAM,CHRISTCHURCH,8023,POINT (172.6548502 -43.5477209),-43.4902589,172.6548502
143487,Bronskis More Than A Dairy,NSBI,,243 FERRY ROAD,WALTHAM,CHRISTCHURCH,8023,POINT (172.6577609 -43.5399006),-43.4902589,172.6577609
142967,St Martins New World,Foodstuffs South Island,NW,92 Wilsons Road,St Martins,CHRISTCHURCH,8023,POINT (172.6545312 -43.5581624),-43.4902589,172.6545312
144234,St Martins Family Food Store,Route,,160 Wilsons Road,SAINT MARTINS,CHRISTCHURCH,8022,POINT (172.6519719 -43.5549438),-43.4902589,172.6519719
110520,Thorrington Dairy,Route,,29 COLOMBO STREET,CASHMERE,CHRISTCHURCH,8022,POINT (172.6369785 -43.5650341 0),-43.4902589,172.6369785
144734,Henry's Wigram,Foodstuffs South Island,LH,"Unit 1, Building 5 The Runway,Wigram",Wigram,CHRISTCHURCH,8022,"POINT (172.556897889397, -43.55276455462033)",-43.4902589,172.5568979
144007,Cashmere On The Spot,OTS - On The Spot,OTS,89 CENTAURUS ROAD,HUNTSBURY,CHRISTCHURCH,8022,POINT (172.6467715 -43.5670343),-43.4902589,172.6467715
143481,Quick Market,Route,,147A SPRINGFIELD ROAD,ST ALBANS,CHRISTCHURCH,8014,POINT (172.6322642 -43.513264),-43.4902589,172.6322642
115301,Kesgrove Dairy,Route,,135 St Albans Street,St Albans,CHRISTCHURCH,8014,POINT (172.6300144 -43.5093041 0),-43.4902589,172.6300144
141757,Warrington  Liquor Centre,Route,,64 Warrington Street,MAIREHAU,CHRISTCHURCH,8013,POINT (172.6466181 -43.5082269),-43.4902589,172.6466181
129926,Warrington Discounter,Dilbag Singh,,68 Warrington Street,MAIREHAU,CHRISTCHURCH,8013,POINT (172.6467699 -43.5082268),-43.4902589,172.6467699
128996,Convenience Plus Dairy,NSBI,,267 Stanmore Road,RICHMOND,CHRISTCHURCH,8013,POINT (172.656205 -43.5215295),-43.4902589,172.656205
143619,Sunwin Foodmart,Route,,205c Hills Road,EDGEWARE,CHRISTCHURCH,8013,POINT (172.6514962 -43.50845),-43.4902589,172.6514962
115590,Hills Road Discounter,Route,,113 HILLS ROAD,EDGEWARE,CHRISTCHURCH,8013,POINT (172.6514473 -43.5131624 0),-43.4902589,172.6514473
144492,Dickies Corner,NSBI,,142 CANON STREET,EDGEWARE,CHRISTCHURCH,8013,POINT (172.6456856 -43.5158496),-43.4902589,172.6456856
142021,Symrose's Super Fresh,Route,,65 Victoria Street,CHRISTCHURCH CENTRAL,CHRISTCHURCH,8013,POINT (172.6323885 -43.5258944),-43.4902589,172.6323885
143097,Bealey Fresh,NSBI,,"325 Bealey Avenue, Edgeware",EDGEWARE,CHRISTCHURCH,8013,POINT (172.6489539 -43.520596),-43.4902589,172.6489539
141656,Challenge Hills Rd,Route,,2 HILLS ROAD,EDGEWARE,CHRISTCHURCH,8013,POINT (172.6518727 -43.518469),-43.4902589,172.6518727
142660,Richmond Dairy,NSBI,,337 STANMORE ROAD,RICHMOND,CHRISTCHURCH,8013,POINT (172.6562579 -43.5182149),-43.4902589,172.6562579
129184,Park Dairy,NSBI,,41 ACHESON AVENUE,MAIREHAU,CHRISTCHURCH,8013,POINT (172.6556362 -43.5007578),-43.4902589,172.6556362
142969,Stanmore New World,Foodstuffs South Island,NW,288 Stanmore Road,Richmond,CHRISTCHURCH,8013,POINT (172.6568188 -43.5203244),-43.4902589,172.6568188
143471,Cashel Street Foodmarket,NSBI,,337 Cashel Street,LINWOOD,CHRISTCHURCH,8011,POINT (172.6504325 -43.5330997),-43.4902589,172.6504325
145028,Gloucester & Stanmore Corner Dairy,Route,,108d Stanmore Road,,CHRISTCHURCH,8011,POINT (172.657227 -43.5299802),-43.4902589,172.657227
145183,Linwood Mart,Route,,4/218 Linwood Avenue,,CHRISTCHURCH,8011,POINT (172.6721208 -43.5331919),-43.4902589,172.6721208
121616,Cashel Convenience Centre,Route,,573 Cashel Street,Linwood,CHRISTCHURCH,8011,POINT (172.6666882 -43.5329047 0),-43.4902589,172.6666882
142581,Avenue Dairy,NSBI,,165 FITZGERALD AVENUE,CHRISTCHURCH CENTRAL,CHRISTCHURCH,8011,POINT (172.6502091 -43.5312429),-43.4902589,172.6502091
144868,Waitangi Store,Route,,3/390 Manchester Street,,CHRISTCHURCH,8011,POINT (172.640065 -43.519596),-43.4902589,172.640065
145242,Krazy Price Mart,Route,,431 Tuam Street,,CHRISTCHURCH,8011,POINT (172.6566576 -43.5351885),-43.4902589,172.6566576
144189,Urban Mart,Route,,150 HEREFORD STREET,CHRISTCHURCH CENTRAL,CHRISTCHURCH,8011,POINT (172.6377116 -43.532169),-43.4902589,172.6377116
110874,Around About Dairy,Route,,135 Linwood Avenue,LINWOOD,CHRISTCHURCH,8011,POINT (172.6679343 -43.5298551 0),-43.4902589,172.6679343
128866,HY Shopping,Route,,Shop 12 184 CLARENCE STREET,RICCARTON,CHRISTCHURCH,8011,POINT (172.602456 -43.5301616),-43.4902589,172.602456
143926,Tuam Street Dairy,NSBI,,492 TUAM STREET,PHILLIPSTOWN,CHRISTCHURCH,8011,POINT (172.6582393 -43.5355905),-43.4902589,172.6582393
142871,Barbadoes LH,Foodstuffs South Island,LH,182 Barbadoes Street,Christchurch Central City,CHRISTCHURCH,8011,POINT (172.6459344 -43.5358959),-43.4902589,172.6459344
142925,Moorhouse LH,Foodstuffs South Island,LH,305 Moorhouse Avenue,CHRISTCHURCH CENTRAL,CHRISTCHURCH,8011,POINT (172.6390938 -43.5397215),-43.4902589,172.6390938
142926,Moorhouse PAKnSAVE,Foodstuffs South Island,PNS,297 Moorhouse Avenue,Sydenham,CHRISTCHURCH,8011,POINT (172.6392568 -43.5395158),-43.4902589,172.6392568
142964,Durham St New World,Foodstuffs South Island,NW,175 Durham Street South,Christchurch Central,CHRISTCHURCH,8011,POINT (172.6335339 -43.5387687),-43.4902589,172.6335339
142982,Raeward Fresh Tower Junction,Foodstuffs South Island,RF,Tower Junction,Addington,CHRISTCHURCH,8011,POINT (172.6042298 -43.5387454),-43.4902589,172.6042298
144323,Super Liquor Brighton,Route,,15 BERESFORD STREET,NEW BRIGHTON,CHRISTCHURCH,8007,POINT (172.7302466 -43.5080683),-43.4902589,172.7302466
142975,Tekapo 4 Square,Foodstuffs South Island,4SQ,State Highway 8 22 Rapuwai Lane,Tekapo-Twizel Road,LAKE TEKAPO,7999,POINT (170.4736991 -44.0026889),-43.4902589,170.4736991
144096,Glenavy Store,Lovedeep,,4 INNES STREET,GLENAVY,WAIMATE,7980,POINT (171.1009253 -44.914091),-43.4902589,171.1009253
145153,Parkside Food OTS,OTS - On The Spot,OTS,51 Cox Street,,GERALDINE,7930,POINT (171.2399653 -44.0968602),-43.4902589,171.2399653
142887,Fairlie 4 Square,Foodstuffs South Island,4SQ,Main Street,,FAIRLIE,7925,POINT (168.8466502 -40.4103545),-43.4902589,168.8466502
142693,White Horse Motors,Route,,73 High Street,WAIMATE,WAIMATE,7924,POINT (171.0493156 -44.7337788),-43.4902589,171.0493156
144948,Waimate Discounter,Route,,12 Queen Street,,WAIMATE,7924,POINT (171.0495663 -44.7312793),-43.4902589,171.0495663
111394,Challenge,Route,,19 QUEEN STREET,,WAIMATE,7924,POINT (171.0472819 -44.7317159),-43.4902589,171.0472819
142985,Waimate New World,Foodstuffs South Island,NW,95 Queen Street,,WAIMATE,7924,POINT (171.0480809 -44.7338495),-43.4902589,171.0480809
129189,Vip's Minimart,Route,,65 King Street,,TEMUKA,7920,POINT (171.2777077 -44.2454942),-43.4902589,171.2777077
144877,Tea Pot Inn,Route,,249 King Street,,TEMUKA,7920,POINT (171.2749825 -44.2346506),-43.4902589,171.2749825
144006,Temuka OTS,OTS - On The Spot,OTS,2 DENMARK STREET,TEMUKA,TEMUKA,7920,POINT (171.2821789 -44.2442031),-43.4902589,171.2821789
142976,Temuka New World,Foodstuffs South Island,NW,185 King Street,,TEMUKA,7920,POINT (171.2764763 -44.2412679),-43.4902589,171.2764763
144442,Pareora Takeaway and Grocery Shop,Route,,3 THE AVENUE,PAREORA,TIMARU,7912,POINT (171.2021864 -44.4860976),-43.4902589,171.2021864
129622,Bombay Magic Indian Takeaway & Convenience,Route,,274b Wai-iti Road,GLENWOOD,TIMARU,7910,POINT (171.2125051 -44.3892579),-43.4902589,171.2125051
129467,Mountain View Dairy,Route,,214 Wai-iti Road,HIGHFIELD,TIMARU,7910,POINT (171.2185628 -44.3897867),-43.4902589,171.2185628
129035,Hassall St Family Dairy,NSBI,,14 Hassall Street,PARKSIDE,TIMARU,7910,POINT (171.2431385 -44.4046455),-43.4902589,171.2431385
125731,VIP's Mini Mart,Route,,146 Evans Street,WAIMATAITAI,TIMARU,7910,POINT (171.2415742 -44.3779727 0),-43.4902589,171.2415742
145228,Caspers Corner Store,Route,,101 Otipua Road,WATLINGTON,TIMARU,7910,POINT (171.2343499 -44.405285),-43.4902589,171.2343499
142675,Wokon In Dairy,Route,,48 King Street,KENSINGTON,TIMARU,7910,POINT (171.248463 -44.4132937),-43.4902589,171.248463
143928,North Street Dairy,Route,,108 North Street,SEAVIEW,TIMARU,7910,POINT (171.2431803 -44.4006758),-43.4902589,171.2431803
144529,Fox Glacier General Store OTS,OTS - On The Spot,OTS,214 WAI-LTI ROAD,HIGHFIELD,TIMARU,7910,POINT (171.2180823 -44.3896704),-43.4902589,171.2180823
144521,Grants One Stop,Route,,261 SELWYN STREET,MARCHWIEL,TIMARU,7910,POINT (171.2292303 -44.3787643),-43.4902589,171.2292303
144874,Otipua Food Market,Route,,110 Otipua Road,,TIMARU,7910,POINT (171.2359824 -44.4071486),-43.4902589,171.2359824
145125,Chris 'n Twu Store,Route,,36 Arthur Street,,TIMARU,7910,POINT (171.2456281 -44.3986516),-43.4902589,171.2456281
129462,Star Dairy Shop,Route,,14 Church Street,,TIMARU,7910,POINT (171.2521424 -44.3957888),-43.4902589,171.2521424
129896,Elizabeth Street Dairy,Route,,70 Elizabeth Street,SEAVIEW,TIMARU,7910,POINT (171.2419661 -44.3949561),-43.4902589,171.2419661
143379,Northtown LH,Foodstuffs South Island,LH,1-53 Ranui Avenue,Waimataitai,TIMARU,7910,POINT (171.2372214 -44.3832626),-43.4902589,171.2372214
143334,Mayo Shipping & Services Ltd,Route,,19 RITCHIE STREET,TIMARU PORT,TIMARU,7910,POINT (171.2575025 -44.394173),-43.4902589,171.2575025
142978,Timaru New World,Foodstuffs South Island,NW,145 WAI-ITI ROAD,HIGHFIELD,TIMARU,7910,POINT (171.2263716 -44.3903274),-43.4902589,171.2263716
142979,Timaru PAKnSAVE,Foodstuffs South Island,PNS,Cnr Evans & Hobbs Street,Waimataitai,TIMARU,7910,POINT (169.0504644 -40.5378),-43.4902589,169.0504644
142923,Methven (Topnotch) 4 Square,Foodstuffs South Island,4SQ,33/37 McMillan Street,,METHVEN,7730,POINT (171.6454666 -43.6326833),-43.4902589,171.6454666
142949,Rakaia 4 Square,Foodstuffs South Island,4SQ,41 Elizabeth Avenue,,RAKAIA,7710,POINT (172.0218506 -43.7549189),-43.4902589,172.0218506
144258,Ashburton Discounter,Route,,96 Alford Forest Road,ALLENTON,ASHBURTON,7700,POINT (171.7362346 -43.8889535),-43.4902589,171.7362346
141842,First & Last Dairy,Lovedeep,,127 Archibald Street,TINWALD,ASHBURTON,7700,POINT (171.7180335 -43.9214559),-43.4902589,171.7180335
143235,Bel Air Supermarket,Route,,390 East Street,ASHBURTON,ASHBURTON,7700,POINT (171.7503223 -43.9029983),-43.4902589,171.7503223
144918,Revive Shop nd Save,Route,,512 East Street,Ashburton,ASHBURTON,7700,POINT (171.7526557 -43.9014597),-43.4902589,171.7526557
142612,Allenton Food Market,Route,,75 HARRISON STREET,ALLENTON,ASHBURTON,7700,POINT (171.74236 -43.8870631),-43.4902589,171.74236
125115,Netherby Dairy,NSBI,,210 CHALMERS AVENUE,HAMPSTEAD,ASHBURTON,7700,POINT (171.7624944 -43.9035634 0),-43.4902589,171.7624944
143981,Beach Road OTS,OTS - On The Spot,OTS,30 BEACH ROAD,HAMPSTEAD,ASHBURTON,7700,POINT (171.7535609 -43.9126083),-43.4902589,171.7535609
143725,Creek Road Dairy - On the Spot,OTS - On The Spot,OTS,50 CREEK ROAD,ALLENTON,ASHBURTON,7700,POINT (171.7565475 -43.8915076),-43.4902589,171.7565475
142867,Ashburton New World,Foodstuffs South Island,NW,75 Moore Street,Allenton,ASHBURTON,7700,POINT (171.7440113 -43.9036686),-43.4902589,171.7440113
142931,Netherby 4 Square,Foodstuffs South Island,4SQ,2 Bridge Street,NETHERBY,ASHBURTON,7700,POINT (171.7632334 -43.9031526),-43.4902589,171.7632334
144615,Ravenswood New World,Foodstuffs South Island,NW,10 Bob Robertson Drive,Woodend,WOODEND,7691,POINT (172.6712759 -43.3080056),-43.4902589,172.6712759
141954,Springfield Service Centre,Route,,213 Pocock Road,Springfield,SPRINGFIELD,7681,POINT (171.9442131 -43.3238769),-43.4902589,171.9442131
143088,Sue's Takeaway and Convenience Store,NSBI,,555 POUND ROAD,YALDHURST,CHRISTCHURCH,7676,POINT (172.508457 -43.5127728),-43.4902589,172.508457
142990,West Melton 4 Square,Foodstuffs South Island,4SQ,1/736 Weedons Ross Road,West Melton,CHRISTCHURCH,7676,POINT (172.3704125 -43.5232351),-43.4902589,172.3704125
144002,Glentunnel Store (2015) OTS,OTS - On The Spot,OTS,74 Homebush Road,ALLENTON,GLENTUNNEL,7673,POINT (171.9341839 -43.4815508),-43.4902589,171.9341839
144626,Lincoln Convenience Store,Route,,9E GERALD STREET,LINCOLN,CHRISTCHURCH,7672,POINT (172.483935 -43.6405199),-43.4902589,172.483935
142915,Lincoln New World,Foodstuffs South Island,NW,77 Gerald Street,,CHRISTCHURCH,7640,POINT (172.473668 -43.6422817),-43.4902589,172.473668
142644,Leeston Dairy,NSBI,,72 High Street,LEESTON,LEESTON,7632,POINT (172.2984776 -43.7624335),-43.4902589,172.2984776
145360,Kaiapoi Convenience Store,Route,,45 WILLIAMS STREET,KAIAPOI,KAIAPOI,7630,POINT (172.654273 -43.3884699),-43.4902589,172.654273
145350,Caroline Dairy,NSBI,,62 Ohoka Road,,KAIAPOI,7630,POINT (172.6425877 -43.3855823),-43.4902589,172.6425877
142682,Naya Supermarket,Route,,"5/42 Silverstream Boulevard, Kaiapoi",KAIAPOI,KAIAPOI,7630,POINT (172.6362136 -43.3813353),-43.4902589,172.6362136
110481,Red And Black Dairy ,Route,,111 Williams Street,,KAIAPOI,7630,POINT (172.6564931 -43.3836916),-43.4902589,172.6564931
141694,Phone Cloud - Kaiapoi,Route,,Shop 9a,77 Hilton street,KAIAPOI,7630,POINT (172.656868 -43.385357),-43.4902589,172.656868
142907,Kaiapoi New World,Foodstuffs South Island,NW,52 Charles Street,Kaiapoi,CHRISTCHURCH,7630,POINT (172.6600747 -43.3822645),-43.4902589,172.6600747
112652,Springston Dairy,Route,,5 Leeston Road,Springston,CHRISTCHURCH,7616,POINT (172.4266201 -43.6440289),-43.4902589,172.4266201
142455,Faringdon Convenience Store,Route,,8/55 Faringdon Boulevard,ROLLESTON,ROLLESTON,7615,POINT (172.38908 -43.61694),-43.4902589,172.38908
145069,Hollys Dairy,Route,,2 Markham Way,,ROLLESTON,7614,POINT (172.3834738 -43.5954729),-43.4902589,172.3834738
143117,Rolleston OTS,OTS - On The Spot,OTS,10D CHAUCER STREET,ROLLESTON,CHRISTCHURCH,7614,POINT (172.3760177 -43.5924747),-43.4902589,172.3760177
142960,Liquorland Rolleston,Foodstuffs South Island,LH,80B Rolleston Drive,Rolleston,CHRISTCHURCH,7614,POINT (172.3843681 -43.5959638),-43.4902589,172.3843681
142961,Rolleston New World,Foodstuffs South Island,NW,92 Rolleston Drive,,CHRISTCHURCH,7614,POINT (172.3825412 -43.5968657),-43.4902589,172.3825412
122459,Woodend Store,Route,,53 Main North Road,WOODEND,WOODEND,7610,POINT (172.6653921 -43.3232193),-43.4902589,172.6653921
144967,Lincoln Dairy,NSBI,,5b Robert Street,,LINCOLN,7608,POINT (172.4846472 -43.6406303),-43.4902589,172.4846472
125679,Oriental Taste,NSBI,,"UNIT 5B, 19 GERALD STREET",,SELWYN,7608,POINT (172.4823291 -43.6406166),-43.4902589,172.4823291
145054,South Bridge Superette,Route,,104 High Street,,SOUTHBRIDGE,7602,POINT (172.251221 -43.8111876),-43.4902589,172.251221
145179,Burnham Auto Services,Route,,36 Russell Road,,BURNHAM,7600,POINT (172.3003833 -43.6193413),-43.4902589,172.3003833
128461,Duvauchelle Store,Route,,6075 CHRISTCHURCH AKAROA ROAD,"DUVAUCHELLE, BANKS PENINSULA",DUVAUCHELLE,7581,POINT (172.9323506 -43.7502722),-43.4902589,172.9323506
142857,Akaroa 4 Square,Foodstuffs South Island,4SQ,72 Rue Lavaud,,AKAROA,7520,POINT (172.9671423 -43.8049608),-43.4902589,172.9671423
129164,Darfield Tearoom & Dairy,Route,,11 SOUTH TERRACE,,DARFIELD,7510,POINT (172.1154289 -43.49034),-43.4902589,172.1154289
142884,Darfield 4 Square,Foodstuffs South Island,4SQ,76 South Terrace,,DARFIELD,7510,POINT (172.1072002 -43.4889471),-43.4902589,172.1072002
145351,Queenette Dairy,Route,,33 Main Street,Oxford,OXFORD,7430,POINT (172.1945166 -43.2979228),-43.4902589,172.1945166
129311,Amberley Food Store,Route,,164 Carters Road,,AMBERLEY,7410,POINT (172.7294904 -43.1627357),-43.4902589,172.7294904
143320,The Blue Dairy,Route,,98 CARTERS ROAD,AMBERLEY,AMBERLEY,7410,POINT (172.7296167 -43.1549195),-43.4902589,172.7296167
145027,Waikuku Beach General Store,Route,,54 Park Terrace,,WAIKUKU BEACH,7402,POINT (172.7165258 -43.2866825),-43.4902589,172.7165258
129205,West End Dairy,Route,,395 HIGH STREET,,RANGIORA,7400,POINT (172.5841473 -43.3050814),-43.4902589,172.5841473
110652,Rangiora Flowers & Dairy,Route,,97 HIGH STREET,,RANGIORA,7400,POINT (172.5954512 -43.3035266),-43.4902589,172.5954512
142952,Rangiora New World,Foodstuffs South Island,NW,10 Good Street,,RANGIORA,7400,POINT (172.5946552 -43.3025748),-43.4902589,172.5946552
142953,Rangiora PAKnSAVE,Foodstuffs South Island,PNS,2 Southbrook Road,,RANGIORA,7400,POINT (172.5990295 -43.3250671),-43.4902589,172.5990295
129366,Culverden Tearooms,Route,,23 MOUNTAIN VIEW ROAD,,CULVERDEN,7392,POINT (172.8472039 -42.774831),-43.4902589,172.8472039
142901,Hawarden 4 Square,Foodstuffs South Island,4SQ,1 High Street,Hawarden,HAWARDEN,7385,POINT (172.6419272 -42.9232525),-43.4902589,172.6419272
142883,Culverden 4 Square,Foodstuffs South Island,4SQ,28 Mountain View Rd,,CULVERDEN,7345,POINT (172.8482756 -42.7741781),-43.4902589,172.8482756
129779,Hanmer Springs Foodway,Route,,45 AMURI AVENUE,HANMER SPRINGS,HANMER SPRINGS,7334,POINT (172.8277512 -42.5228852),-43.4902589,172.8277512
142899,Hanmer 4 Square,Foodstuffs South Island,4SQ,12A CONICAL HILL ROAD,HANMER SPRINGS,HANMER SPRINGS,7334,POINT (172.8293589 -42.5213493),-43.4902589,172.8293589
143929,Waiau OTS,OTS - On The Spot,OTS,3 LYNDON STREET,WAIAU,HURUNUI,7332,POINT (173.0392581 -42.6552911),-43.4902589,173.0392581
142879,Cheviot 4 Square,Foodstuffs South Island,4SQ,2 ROLLESTON STREET,CHEVIOT,CHEVIOT,7310,POINT (173.2737846 -42.8125447),-43.4902589,173.2737846
142909,Kaikoura LH,Foodstuffs South Island,LH,96 Beach Road,,KAIKOURA,7300,POINT (173.6792015 -42.3916296),-43.4902589,173.6792015
142910,Kaikoura New World,Foodstuffs South Island,NW,124 - 128 Beach Road,,KAIKOURA,7300,POINT (173.6795285 -42.3873423),-43.4902589,173.6795285
142859,Alexandra LH,Foodstuffs South Island,LH,78-80 Centennial Ave,,ALEXANDRA,9320,POINT (169.3876861 -45.2512041),-43.4902589,169.3876861
142869,Avonhead LH,Foodstuffs South Island,LH,120 Withells Road,Avonhead,CHRISTCHURCH,8042,POINT (172.5534742 -43.5170761),-43.4902589,172.5534742
142889,Ferry Road New World,Foodstuffs South Island,NW,7 - 11 St Johns Street,Woolston,CHRISTCHURCH,8062,POINT (172.6841383 -43.5489939),-43.4902589,172.6841383
142898,Hampden 4 Square,Foodstuffs South Island,4SQ,31 London Street,Hampden,HAMPDEN,9410,POINT (170.8171344 -45.3237014),-43.4902589,170.8171344
142921,Marshland RF,Foodstuffs South Island,RF,410 Marshland Rd,Marshland,CHRISTCHURCH,8083,POINT (172.6598153 -43.4764172),-43.4902589,172.6598153
142951,Rangiora LH,Foodstuffs South Island,LH,16 Southbrook Road,,RANGIORA,7410,POINT (172.5987172 -43.323729),-43.4902589,172.5987172
142963,Shirley LH,Foodstuffs South Island,LH,199 Marshlands Road,,CHRISTCHURCH,8083,POINT (172.661073 -43.4937101),-43.4902589,172.661073
